id;question_text;question_type;created_at
1;until er now;antique once;2024-07-23T02:37:21
2;joint dismantle;servant;2024-07-22T11:04:42
3;psst ha;fully zowie;2024-07-22T18:05:31
4;comply unburden;pastel;2024-07-22T17:15:22
5;sugary empathize mansion;scarcely upside-down renaissance;2024-07-23T01:52:11
6;given near happily;ha blah;2024-07-23T09:31:32
7;jittery emigrate petition;after;2024-07-23T06:39:13
8;after;times;2024-07-22T23:56:22
9;butter between unaccountably;around evaluation dense;2024-07-23T04:42:32
10;gosh;drat despite aboard;2024-07-22T11:32:01
